{"state_01": [0.1596938791871071, -0.47554130136966705, 0.6200721156597138, -3.1415880105776615, -0.5519426807376137, -1.3680462991784943, 0.0027739473152905703], "state_99": [0.7057571840286254, 0.49991118073463436, 1.0880906581878662, 3.141588236385818, 0.4313728434991913, 1.3731150116537054, 0.7896420955657959], "dataset_names": ["molmobot"], "dataset_roots": ["/scratch/gpfs/SHAHD/lh2004/molmo2ctrl/output/molmobot_franka_pick_and_place_omni"]}